--
-- PostgreSQL database dump
--

-- Dumped from database version 9.5.14
-- Dumped by pg_dump version 9.5.14

SET statement_timeout = 0;
SET lock_timeout = 0;
SET client_encoding = 'UTF8';
SET standard_conforming_strings = on;
SELECT pg_catalog.set_config('search_path', '', false);
SET check_function_bodies = false;
SET client_min_messages = warning;
SET row_security = off;

--
-- Name: plpgsql; Type: EXTENSION; Schema: -; Owner: 
--

CREATE EXTENSION IF NOT EXISTS plpgsql WITH SCHEMA pg_catalog;


--
-- Name: EXTENSION plpgsql; Type: COMMENT; Schema: -; Owner: 
--

COMMENT ON EXTENSION plpgsql IS 'PL/pgSQL procedural language';


SET default_tablespace = '';

SET default_with_oids = false;

--
-- Name: centro_costo; Type: TABLE; Schema: public; Owner: postgres
--

CREATE TABLE public.centro_costo (
    id integer NOT NULL,
    descripcion character varying(100),
    tipo_centro_costo_id integer NOT NULL
);


ALTER TABLE public.centro_costo OWNER TO postgres;

--
-- Name: centro_costo_id_seq; Type: SEQUENCE; Schema: public; Owner: postgres
--

CREATE SEQUENCE public.centro_costo_id_seq
    START WITH 1
    INCREMENT BY 1
    NO MINVALUE
    NO MAXVALUE
    CACHE 1;


ALTER TABLE public.centro_costo_id_seq OWNER TO postgres;

--
-- Name: centro_costo_id_seq; Type: SEQUENCE OWNED BY; Schema: public; Owner: postgres
--

ALTER SEQUENCE public.centro_costo_id_seq OWNED BY public.centro_costo.id;


--
-- Name: codigo_barra; Type: TABLE; Schema: public; Owner: postgres
--

CREATE TABLE public.codigo_barra (
    id integer NOT NULL,
    identificador_inicio integer,
    identificador_fin integer,
    vto_inicio integer,
    vto_fin integer,
    monto_inicio integer,
    monto_fin integer,
    longitud_total integer,
    formato_fecha_id integer,
    descripcion character varying(100),
    precision_monto integer,
    periodo_inicio numeric,
    periodo_fin numeric
);


ALTER TABLE public.codigo_barra OWNER TO postgres;

--
-- Name: codigo_barra_id_seq; Type: SEQUENCE; Schema: public; Owner: postgres
--

CREATE SEQUENCE public.codigo_barra_id_seq
    START WITH 1
    INCREMENT BY 1
    NO MINVALUE
    NO MAXVALUE
    CACHE 1;


ALTER TABLE public.codigo_barra_id_seq OWNER TO postgres;

--
-- Name: codigo_barra_id_seq; Type: SEQUENCE OWNED BY; Schema: public; Owner: postgres
--

ALTER SEQUENCE public.codigo_barra_id_seq OWNED BY public.codigo_barra.id;


--
-- Name: codigo_barra_usado; Type: TABLE; Schema: public; Owner: postgres
--

CREATE TABLE public.codigo_barra_usado (
    id integer NOT NULL,
    id_costo integer NOT NULL,
    codigo_barra character varying(200) NOT NULL,
    fecha_utilizacion date NOT NULL
);


ALTER TABLE public.codigo_barra_usado OWNER TO postgres;

--
-- Name: codigo_barra_usado_id_seq; Type: SEQUENCE; Schema: public; Owner: postgres
--

CREATE SEQUENCE public.codigo_barra_usado_id_seq
    START WITH 1
    INCREMENT BY 1
    NO MINVALUE
    NO MAXVALUE
    CACHE 1;


ALTER TABLE public.codigo_barra_usado_id_seq OWNER TO postgres;

--
-- Name: codigo_barra_usado_id_seq; Type: SEQUENCE OWNED BY; Schema: public; Owner: postgres
--

ALTER SEQUENCE public.codigo_barra_usado_id_seq OWNED BY public.codigo_barra_usado.id;


--
-- Name: costo; Type: TABLE; Schema: public; Owner: postgres
--

CREATE TABLE public.costo (
    id integer NOT NULL,
    tipo_impuesto_id integer,
    tipo_jurisdiccion_id integer,
    tipo_periodo_id integer,
    codigo_barra_id integer,
    descripcion character varying(100)
);


ALTER TABLE public.costo OWNER TO postgres;

--
-- Name: costo_centro_costo; Type: TABLE; Schema: public; Owner: postgres
--

CREATE TABLE public.costo_centro_costo (
    costo_id integer NOT NULL,
    centro_costo_id integer NOT NULL,
    fecha_vencimiento timestamp without time zone,
    periodo integer,
    anio integer,
    codigo_barra character varying(200),
    id integer NOT NULL,
    importe double precision,
    descripcion character varying(200),
    pago_id integer
);


ALTER TABLE public.costo_centro_costo OWNER TO postgres;

--
-- Name: TABLE costo_centro_costo; Type: COMMENT; Schema: public; Owner: postgres
--

COMMENT ON TABLE public.costo_centro_costo IS 'relacion n a n entre costo - centro costo';


--
-- Name: costo_centro_costo_id_seq; Type: SEQUENCE; Schema: public; Owner: postgres
--

CREATE SEQUENCE public.costo_centro_costo_id_seq
    START WITH 1
    INCREMENT BY 1
    NO MINVALUE
    NO MAXVALUE
    CACHE 1;


ALTER TABLE public.costo_centro_costo_id_seq OWNER TO postgres;

--
-- Name: costo_centro_costo_id_seq; Type: SEQUENCE OWNED BY; Schema: public; Owner: postgres
--

ALTER SEQUENCE public.costo_centro_costo_id_seq OWNED BY public.costo_centro_costo.id;


--
-- Name: costo_id_seq; Type: SEQUENCE; Schema: public; Owner: postgres
--

CREATE SEQUENCE public.costo_id_seq
    START WITH 1
    INCREMENT BY 1
    NO MINVALUE
    NO MAXVALUE
    CACHE 1;


ALTER TABLE public.costo_id_seq OWNER TO postgres;

--
-- Name: costo_id_seq; Type: SEQUENCE OWNED BY; Schema: public; Owner: postgres
--

ALTER SEQUENCE public.costo_id_seq OWNED BY public.costo.id;


--
-- Name: costos_asociados; Type: TABLE; Schema: public; Owner: postgres
--

CREATE TABLE public.costos_asociados (
    id integer NOT NULL,
    id_centro_costo integer NOT NULL,
    id_costo integer NOT NULL,
    id_tipo_identificador integer NOT NULL,
    valor character varying NOT NULL,
    descripcion character varying
);


ALTER TABLE public.costos_asociados OWNER TO postgres;

--
-- Name: costos_asociados_id_seq; Type: SEQUENCE; Schema: public; Owner: postgres
--

CREATE SEQUENCE public.costos_asociados_id_seq
    START WITH 1
    INCREMENT BY 1
    NO MINVALUE
    NO MAXVALUE
    CACHE 1;


ALTER TABLE public.costos_asociados_id_seq OWNER TO postgres;

--
-- Name: costos_asociados_id_seq; Type: SEQUENCE OWNED BY; Schema: public; Owner: postgres
--

ALTER SEQUENCE public.costos_asociados_id_seq OWNED BY public.costos_asociados.id;


--
-- Name: formato_fecha; Type: TABLE; Schema: public; Owner: postgres
--

CREATE TABLE public.formato_fecha (
    id integer NOT NULL,
    formato character varying NOT NULL
);


ALTER TABLE public.formato_fecha OWNER TO postgres;

--
-- Name: formato_fecha_id_seq; Type: SEQUENCE; Schema: public; Owner: postgres
--

CREATE SEQUENCE public.formato_fecha_id_seq
    START WITH 1
    INCREMENT BY 1
    NO MINVALUE
    NO MAXVALUE
    CACHE 1;


ALTER TABLE public.formato_fecha_id_seq OWNER TO postgres;

--
-- Name: formato_fecha_id_seq; Type: SEQUENCE OWNED BY; Schema: public; Owner: postgres
--

ALTER SEQUENCE public.formato_fecha_id_seq OWNED BY public.formato_fecha.id;


--
-- Name: pagos; Type: TABLE; Schema: public; Owner: postgres
--

CREATE TABLE public.pagos (
    id integer NOT NULL,
    numero_pago integer NOT NULL,
    fecha_pago timestamp without time zone NOT NULL,
    usuario_pago character varying NOT NULL,
    locked boolean DEFAULT true NOT NULL
);


ALTER TABLE public.pagos OWNER TO postgres;

--
-- Name: pagos_id_seq; Type: SEQUENCE; Schema: public; Owner: postgres
--

CREATE SEQUENCE public.pagos_id_seq
    START WITH 1
    INCREMENT BY 1
    NO MINVALUE
    NO MAXVALUE
    CACHE 1;


ALTER TABLE public.pagos_id_seq OWNER TO postgres;

--
-- Name: pagos_id_seq; Type: SEQUENCE OWNED BY; Schema: public; Owner: postgres
--

ALTER SEQUENCE public.pagos_id_seq OWNED BY public.pagos.id;


--
-- Name: pagos_numero_pago_seq; Type: SEQUENCE; Schema: public; Owner: postgres
--

CREATE SEQUENCE public.pagos_numero_pago_seq
    START WITH 1
    INCREMENT BY 1
    NO MINVALUE
    NO MAXVALUE
    CACHE 1;


ALTER TABLE public.pagos_numero_pago_seq OWNER TO postgres;

--
-- Name: pagos_numero_pago_seq; Type: SEQUENCE OWNED BY; Schema: public; Owner: postgres
--

ALTER SEQUENCE public.pagos_numero_pago_seq OWNED BY public.pagos.numero_pago;


--
-- Name: tipo_centro_costo; Type: TABLE; Schema: public; Owner: postgres
--

CREATE TABLE public.tipo_centro_costo (
    id integer NOT NULL,
    descripcion character varying
);


ALTER TABLE public.tipo_centro_costo OWNER TO postgres;

--
-- Name: tipo_centro_costo_id_seq; Type: SEQUENCE; Schema: public; Owner: postgres
--

CREATE SEQUENCE public.tipo_centro_costo_id_seq
    START WITH 1
    INCREMENT BY 1
    NO MINVALUE
    NO MAXVALUE
    CACHE 1;


ALTER TABLE public.tipo_centro_costo_id_seq OWNER TO postgres;

--
-- Name: tipo_centro_costo_id_seq; Type: SEQUENCE OWNED BY; Schema: public; Owner: postgres
--

ALTER SEQUENCE public.tipo_centro_costo_id_seq OWNED BY public.tipo_centro_costo.id;


--
-- Name: tipo_identificador; Type: TABLE; Schema: public; Owner: postgres
--

CREATE TABLE public.tipo_identificador (
    id integer NOT NULL,
    descripcion character varying(100)
);


ALTER TABLE public.tipo_identificador OWNER TO postgres;

--
-- Name: tipo_identificador_id_seq; Type: SEQUENCE; Schema: public; Owner: postgres
--

CREATE SEQUENCE public.tipo_identificador_id_seq
    START WITH 1
    INCREMENT BY 1
    NO MINVALUE
    NO MAXVALUE
    CACHE 1;


ALTER TABLE public.tipo_identificador_id_seq OWNER TO postgres;

--
-- Name: tipo_identificador_id_seq; Type: SEQUENCE OWNED BY; Schema: public; Owner: postgres
--

ALTER SEQUENCE public.tipo_identificador_id_seq OWNED BY public.tipo_identificador.id;


--
-- Name: tipo_impuesto; Type: TABLE; Schema: public; Owner: postgres
--

CREATE TABLE public.tipo_impuesto (
    id integer NOT NULL,
    descripcion character varying(100) NOT NULL
);


ALTER TABLE public.tipo_impuesto OWNER TO postgres;

--
-- Name: tipo_impuesto_id_seq; Type: SEQUENCE; Schema: public; Owner: postgres
--

CREATE SEQUENCE public.tipo_impuesto_id_seq
    START WITH 1
    INCREMENT BY 1
    NO MINVALUE
    NO MAXVALUE
    CACHE 1;


ALTER TABLE public.tipo_impuesto_id_seq OWNER TO postgres;

--
-- Name: tipo_impuesto_id_seq; Type: SEQUENCE OWNED BY; Schema: public; Owner: postgres
--

ALTER SEQUENCE public.tipo_impuesto_id_seq OWNED BY public.tipo_impuesto.id;


--
-- Name: tipo_juridisccion; Type: TABLE; Schema: public; Owner: postgres
--

CREATE TABLE public.tipo_juridisccion (
    id integer NOT NULL,
    descripcion character varying(100) NOT NULL
);


ALTER TABLE public.tipo_juridisccion OWNER TO postgres;

--
-- Name: tipo_juridisccion_id_seq; Type: SEQUENCE; Schema: public; Owner: postgres
--

CREATE SEQUENCE public.tipo_juridisccion_id_seq
    START WITH 1
    INCREMENT BY 1
    NO MINVALUE
    NO MAXVALUE
    CACHE 1;


ALTER TABLE public.tipo_juridisccion_id_seq OWNER TO postgres;

--
-- Name: tipo_juridisccion_id_seq; Type: SEQUENCE OWNED BY; Schema: public; Owner: postgres
--

ALTER SEQUENCE public.tipo_juridisccion_id_seq OWNED BY public.tipo_juridisccion.id;


--
-- Name: tipo_periodo; Type: TABLE; Schema: public; Owner: postgres
--

CREATE TABLE public.tipo_periodo (
    id integer NOT NULL,
    descripcion character varying(100) NOT NULL
);


ALTER TABLE public.tipo_periodo OWNER TO postgres;

--
-- Name: tipo_periodo_id_seq; Type: SEQUENCE; Schema: public; Owner: postgres
--

CREATE SEQUENCE public.tipo_periodo_id_seq
    START WITH 1
    INCREMENT BY 1
    NO MINVALUE
    NO MAXVALUE
    CACHE 1;


ALTER TABLE public.tipo_periodo_id_seq OWNER TO postgres;

--
-- Name: tipo_periodo_id_seq; Type: SEQUENCE OWNED BY; Schema: public; Owner: postgres
--

ALTER SEQUENCE public.tipo_periodo_id_seq OWNED BY public.tipo_periodo.id;


--
-- Name: unidad_edilicia; Type: TABLE; Schema: public; Owner: postgres
--

CREATE TABLE public.unidad_edilicia (
    id integer NOT NULL,
    partida_inmobiliaria numeric,
    centro_costo_id integer,
    descripcion character varying
);


ALTER TABLE public.unidad_edilicia OWNER TO postgres;

--
-- Name: unidad_edilicia_id_seq; Type: SEQUENCE; Schema: public; Owner: postgres
--

CREATE SEQUENCE public.unidad_edilicia_id_seq
    START WITH 1
    INCREMENT BY 1
    NO MINVALUE
    NO MAXVALUE
    CACHE 1;


ALTER TABLE public.unidad_edilicia_id_seq OWNER TO postgres;

--
-- Name: unidad_edilicia_id_seq; Type: SEQUENCE OWNED BY; Schema: public; Owner: postgres
--

ALTER SEQUENCE public.unidad_edilicia_id_seq OWNED BY public.unidad_edilicia.id;


--
-- Name: id; Type: DEFAULT; Schema: public; Owner: postgres
--

ALTER TABLE ONLY public.centro_costo ALTER COLUMN id SET DEFAULT nextval('public.centro_costo_id_seq'::regclass);


--
-- Name: id; Type: DEFAULT; Schema: public; Owner: postgres
--

ALTER TABLE ONLY public.codigo_barra ALTER COLUMN id SET DEFAULT nextval('public.codigo_barra_id_seq'::regclass);


--
-- Name: id; Type: DEFAULT; Schema: public; Owner: postgres
--

ALTER TABLE ONLY public.codigo_barra_usado ALTER COLUMN id SET DEFAULT nextval('public.codigo_barra_usado_id_seq'::regclass);


--
-- Name: id; Type: DEFAULT; Schema: public; Owner: postgres
--

ALTER TABLE ONLY public.costo ALTER COLUMN id SET DEFAULT nextval('public.costo_id_seq'::regclass);


--
-- Name: id; Type: DEFAULT; Schema: public; Owner: postgres
--

ALTER TABLE ONLY public.costo_centro_costo ALTER COLUMN id SET DEFAULT nextval('public.costo_centro_costo_id_seq'::regclass);


--
-- Name: id; Type: DEFAULT; Schema: public; Owner: postgres
--

ALTER TABLE ONLY public.costos_asociados ALTER COLUMN id SET DEFAULT nextval('public.costos_asociados_id_seq'::regclass);


--
-- Name: id; Type: DEFAULT; Schema: public; Owner: postgres
--

ALTER TABLE ONLY public.formato_fecha ALTER COLUMN id SET DEFAULT nextval('public.formato_fecha_id_seq'::regclass);


--
-- Name: id; Type: DEFAULT; Schema: public; Owner: postgres
--

ALTER TABLE ONLY public.pagos ALTER COLUMN id SET DEFAULT nextval('public.pagos_id_seq'::regclass);


--
-- Name: numero_pago; Type: DEFAULT; Schema: public; Owner: postgres
--

ALTER TABLE ONLY public.pagos ALTER COLUMN numero_pago SET DEFAULT nextval('public.pagos_numero_pago_seq'::regclass);


--
-- Name: id; Type: DEFAULT; Schema: public; Owner: postgres
--

ALTER TABLE ONLY public.tipo_centro_costo ALTER COLUMN id SET DEFAULT nextval('public.tipo_centro_costo_id_seq'::regclass);


--
-- Name: id; Type: DEFAULT; Schema: public; Owner: postgres
--

ALTER TABLE ONLY public.tipo_identificador ALTER COLUMN id SET DEFAULT nextval('public.tipo_identificador_id_seq'::regclass);


--
-- Name: id; Type: DEFAULT; Schema: public; Owner: postgres
--

ALTER TABLE ONLY public.tipo_impuesto ALTER COLUMN id SET DEFAULT nextval('public.tipo_impuesto_id_seq'::regclass);


--
-- Name: id; Type: DEFAULT; Schema: public; Owner: postgres
--

ALTER TABLE ONLY public.tipo_juridisccion ALTER COLUMN id SET DEFAULT nextval('public.tipo_juridisccion_id_seq'::regclass);


--
-- Name: id; Type: DEFAULT; Schema: public; Owner: postgres
--

ALTER TABLE ONLY public.tipo_periodo ALTER COLUMN id SET DEFAULT nextval('public.tipo_periodo_id_seq'::regclass);


--
-- Name: id; Type: DEFAULT; Schema: public; Owner: postgres
--

ALTER TABLE ONLY public.unidad_edilicia ALTER COLUMN id SET DEFAULT nextval('public.unidad_edilicia_id_seq'::regclass);


--
-- Data for Name: centro_costo; Type: TABLE DATA; Schema: public; Owner: postgres
--

COPY public.centro_costo (id, descripcion, tipo_centro_costo_id) FROM stdin;
21	BERTOLI GUILLERMO	1
22	BERTOLI OSCAR	1
23	LIV CHACABUCO	3
24	URBANO	3
25	AIRES DE MITRE	3
26	IRIGOYEN PLAZA	3
27	SANTAMARINA	3
28	BERBIEN	1
29	BERVIC	1
30	DEPOSITO	3
31	GASTOS GENERALES	2
32	SOLAR DE PINTO	3
33	ABUELA	1
34	ALEM SUITES	3
35	MAIPU	3
36	LOTE MONTEVIDEO	3
37	LOTE PAZ	3
38	OFICINA CHACABUCO	3
39	TORRE NARANJOS IRIGOYEN	3
40	TORRE DEL SOL	3
41	VISTA SUR	3
42	TORRE MITRE	3
43	GUILLERMO - OSCAR	1
\.


--
-- Name: centro_costo_id_seq; Type: SEQUENCE SET; Schema: public; Owner: postgres
--

SELECT pg_catalog.setval('public.centro_costo_id_seq', 43, true);


--
-- Data for Name: codigo_barra; Type: TABLE DATA; Schema: public; Owner: postgres
--

COPY public.codigo_barra (id, identificador_inicio, identificador_fin, vto_inicio, vto_fin, monto_inicio, monto_fin, longitud_total, formato_fecha_id, descripcion, precision_monto, periodo_inicio, periodo_fin) FROM stdin;
5	2	11	\N	\N	42	49	50	\N	arba	10	\N	\N
8	6	13	17	22	23	30	33	2	Cablevision cupon	100	\N	\N
9	6	13	17	22	23	30	32	2	Cablevision boleta	100	\N	\N
10	19	30	\N	\N	31	39	50	\N	Osde c/ importe	100	\N	\N
11	19	30	\N	\N	\N	\N	42	\N	Osde s/ importe	\N	\N	\N
14	4	12	24	29	13	22	30	5	Movistar Hogar	100	\N	\N
16	1	10	\N	\N	\N	\N	10	2	Usina Boleta	100	\N	\N
7	1	8	9	14	\N	\N	14	2	Municipal Retributiva de servicios	100	\N	\N
6	1	8	9	14	\N	\N	14	1	Municipal Sanitario	100	\N	\N
4	1	17	18	23	\N	\N	23	1	Gas - Camuzzi	100	\N	\N
12	2	10	\N	\N	27	38	50	\N	Telefonica	100	\N	\N
17	3	12	24	29	13	22	30	\N	Telefonica Cupon	\N	\N	\N
13	4	12	24	29	13	22	30	5	Movistar cupon	100	\N	\N
\.


--
-- Name: codigo_barra_id_seq; Type: SEQUENCE SET; Schema: public; Owner: postgres
--

SELECT pg_catalog.setval('public.codigo_barra_id_seq', 17, true);


--
-- Data for Name: codigo_barra_usado; Type: TABLE DATA; Schema: public; Owner: postgres
--

COPY public.codigo_barra_usado (id, id_costo, codigo_barra, fecha_utilizacion) FROM stdin;
1	4	01030761886000004590100218225180400013266000134641	2018-09-27
5	4	700840474274164000099230161117	2018-09-27
7	9	32118096505743766162213126400100028146501810313012	2018-10-03
8	8	03000115229549990810180015656393	2018-10-05
9	9	32118094887800996161718858000100063280001810313010	2018-10-08
10	4	01030727831000004590100218284180500006621000067209	2018-10-08
11	13	26491444004306811400001563171018	2018-10-08
12	13	26496067001760991400001563171018	2018-10-08
13	13	26434102000976051400001563171018	2018-10-08
14	13	26434201000137391400001563171018	2018-10-08
15	13	26531896001100031400001563171018	2018-10-08
16	13	26266688000381271400001563121018	2018-10-08
17	13	26481566000091011400001563171018	2018-10-08
18	13	0000223698	2018-11-01
19	13	0024011650	2018-11-01
20	13	1502745104	2018-11-01
21	13	0024419842	2018-11-01
22	13	0001520960	2018-11-01
23	13	0006113715	2018-11-01
24	13	2015030172	2018-11-01
25	13	0002210123	2018-11-01
26	1	70000100500766461	2018-11-01
27	8	03000115229549990811180015659390	2018-11-01
28	8	03000110829449990811180018600098	2018-11-01
29	15	01706013101118	2018-11-01
30	1	70000100500766461101218	2018-11-01
31	1	70000100500766461091118	2018-11-01
32	9	32118103628430616162213126400100035996301812033010	2018-11-01
33	9	32118106866161136161718858000100068339901812033015	2018-11-02
34	4	01030860566000304590100218225187000009527000091866	2018-11-02
35	1	70000940600247935131118	2018-11-06
36	1	70000940600247935131218	2018-11-06
37	10	322181092478469462860163678001018120330103	2018-11-06
38	8	03000350723109990811180045506594	2018-11-06
39	8	03000129405969991510180020598049	2018-12-07
\.


--
-- Name: codigo_barra_usado_id_seq; Type: SEQUENCE SET; Schema: public; Owner: postgres
--

SELECT pg_catalog.setval('public.codigo_barra_usado_id_seq', 39, true);


--
-- Data for Name: costo; Type: TABLE DATA; Schema: public; Owner: postgres
--

COPY public.costo (id, tipo_impuesto_id, tipo_jurisdiccion_id, tipo_periodo_id, codigo_barra_id, descripcion) FROM stdin;
4	1	2	1	5	Inmobiliario Arba
1	2	2	2	4	Gas - Camuzzi
7	2	3	2	8	Cablevision cupon
8	2	3	2	9	Cablevision boleta
9	4	3	2	10	Osde con Importe
10	4	3	2	11	Osde SIN importe
11	2	3	2	13	Movistar cupon
12	2	3	2	14	Movistar Hogar
13	1	1	2	16	Servicio electrico Usina Tandil
14	1	1	2	6	Tasa Servicios Sanitarios
15	1	1	2	7	Tasa Retributiva Servicios
16	2	3	2	12	Telefonica
\.


--
-- Data for Name: costo_centro_costo; Type: TABLE DATA; Schema: public; Owner: postgres
--

COPY public.costo_centro_costo (costo_id, centro_costo_id, fecha_vencimiento, periodo, anio, codigo_barra, id, importe, descripcion, pago_id) FROM stdin;
13	21	2018-11-16 00:00:00	10	2018	0024011650	60	1139.93000000000006	USINA DTO. 11°1 SARMIENTO - GUILLERMO	1
10	43	2018-11-15 00:00:00	10	2018	322181092478469462860163678001018120330103	78	24606	OSDE BERTOLI	2
13	30	2018-11-16 00:00:00	10	2018	0001520960	63	1633.73000000000002	USINA DEPOSITO RICHIERI	3
1	21	2018-11-09 00:00:00	5	2018	70000100500766461091118	72	1884.57999999999993	CAMUZZI DTO. 11°1 SARMIENTO - GUILLERMO	4
9	21	2018-11-15 00:00:00	11	2018	32118106866161136161718858000100068339901812033015	74	6833.98999999999978	OSDE BELEN - GUILLERMO	4
13	37	2018-11-16 00:00:00	10	2018	2015030172	65	97.1200000000000045	USINA PAZ N° 365	\N
13	24	2018-11-16 00:00:00	10	2018	0002210123	66	178.050000000000011	USINA DTO. 2°3 URBANO - SHOWROOM	\N
1	21	2018-11-13 00:00:00	5	2018	70000940600247935131118	76	102	CAMUZZI CASA GARDEL - GUILLERMO	5
9	21	2018-11-15 00:00:00	11	2018	32118103628430616162213126400100035996301812033010	73	3599.63000000000011	OSDE - SOLEDAD	5
13	21	2018-11-13 00:00:00	10	2018	0000223698	59	375.689999999999998	USINA CASA GARDEL - GUILLERMO	5
1	21	2018-12-10 00:00:00	5	2018	70000100500766461101218	71	1884.57999999999993	CAMUZZI DTO. 11°1 SARMIENTO - GUILLERMO	5
8	24	2018-11-08 00:00:00	10	2018	03000350723109990811180045506594	79	4550.64999999999964	CABLEVISION URBANO	\N
8	31	2018-11-08 00:00:00	11	2018	03000115229549990811180015659390	68	1565.93000000000006	CABLEVISION OFICINA PINTO	\N
1	21	2018-12-13 00:00:00	5	2018	70000940600247935131218	77	102	CAMUZZI CASA GARDEL - GUILLERMO	5
8	21	2018-11-08 00:00:00	11	2018	03000110829449990811180018600098	69	1860	CABLEVISION CASA GARDEL - GUILLERMO	5
13	22	2018-11-16 00:00:00	10	2018	1502745104	61	1039.17000000000007	USINA DTO. 9°1 URBANO OSCAR	6
13	22	2018-11-23 00:00:00	10	2018	0024419842	62	1561.93000000000006	USINA CASA MARIANO	6
13	31	2018-11-16 00:00:00	10	2018	0006113715	64	4378.4399999999996	USINA OFICINA SOLAR DE PINTO	6
\.


--
-- Name: costo_centro_costo_id_seq; Type: SEQUENCE SET; Schema: public; Owner: postgres
--

SELECT pg_catalog.setval('public.costo_centro_costo_id_seq', 81, true);


--
-- Name: costo_id_seq; Type: SEQUENCE SET; Schema: public; Owner: postgres
--

SELECT pg_catalog.setval('public.costo_id_seq', 16, true);


--
-- Data for Name: costos_asociados; Type: TABLE DATA; Schema: public; Owner: postgres
--

COPY public.costos_asociados (id, id_centro_costo, id_costo, id_tipo_identificador, valor, descripcion) FROM stdin;
62	43	4	4	1030040631	LOCAL PB1 - SANTAMARINA
64	43	4	4	1030835928	DPTO. PB 2 - SANTAMARINA
6	31	8	10	11522954	CABLEVISION OFICINA PINTO
85	31	1	12	70000060600619606	CAMUZZI OFICINA 1°A SOLAR DE PINTO
18	32	4	4	1030727823	OFICINA 1° B SOLAR DE PINTO
10	32	4	4	1030727831	OFICINA 1°A SOLAR DE PINTO
19	32	4	4	1030727629	COCHERA SUB 4 (UF 4) SOLAR DE PINTO
20	32	4	4	1030040097	COCHERA SUB 1 (UF 1) SOLAR DE PINTO
21	32	4	4	1030727610	COCHERA SUB 3 (UF 3) SOLAR DE PINTO
22	32	4	4	1030727637	COCHERA SUB 5 (UF 5) SOLAR DE PINTO
23	32	4	4	1030727793	COCHERA PB 10 (UF 21) SOLAR DE PINTO
24	32	4	4	1030727815	COCHERA PB 12 (UF 23) SOLAR DE PINTO
25	32	4	4	1030727785	COCHERA PB 9 (UF 20) SOLAR DE PINTO
26	32	4	4	1030727980	BAULERA S/N BAJO ESCALERA (UC D) SOLAR DE PINTO
27	38	4	4	1030029425	OFICINA EDIFICIO PLAZA UF 1
28	30	4	4	1030245462	DEPOSITO RICHIERI
29	39	4	4	1030742199	ESTACIONAMIENTO PB 20 UF 27 TNI
30	39	4	4	1030742172	COCHERA PB 22 UF 25 TNI
31	33	4	4	1030090116	CASA ABUELA
32	35	4	4	1030802795	COCHERA SUB 26 UCF MAIPU
33	35	4	4	1030802809	COCHERA SUB 27 UCG MAIPU
34	35	4	4	1030802817	COCHERA SUB 20 UCH MAIPU
35	35	4	4	1030802906	COCHERA PB 5 UCQ MAIPU
36	35	4	4	1030802930	COCHERA PB 2 UCT MAIPU
53	34	4	4	1030813363	COCHERA PB 1 UC AF - ALEM SUITES
54	34	4	4	1030813371	COCHERA PB 2 UC AG - ALEM SUITES
55	34	4	4	1030813401	COCHERA PB 5 UC AJ - ALEM SUITES
56	34	4	4	1030813290	BAULERA N° 9 UC Y - ALEM SUITES
57	36	4	4	1030290018	LOTE MONTEVIDEO 1 - PARCELA 11
58	36	4	4	1030080323	LOTE MONTEVIDEO ANEXO - PARCELA 10
59	36	4	4	1030290000	LOTE MONTEVIDEO 2 - PARCELA 9
60	36	4	4	1030063739	LOTE MONTEVIDEO 2 ANEXO - PARCELA 8
63	43	4	4	1030836126	BAULERA 6 UC H - SANTAMARINA
66	32	14	12	02418013	SS OFICINA 1°A SOLAR DE PINTO
67	32	15	12	01706013	RS OFICINA 1° A SOLAR DE PINTO
42	43	4	4	1030772764	ESTACIONAMIENTO PB 2 UF AO - TORRE MITRE
37	43	4	4	1030772055	LOCAL PB2 - TORRE MITRE
47	43	4	4	1030772519	BAULERA SUB 2 N° 19 UC P - TORRE MITRE
46	43	4	4	1030772500	BAULERA SUB 2 N° 16 UC O - TORRE MITRE
44	43	4	4	1030772624	BAULERA 1 ESCALERA UC AA - TORRE MITRE
43	43	4	4	1030772616	BAULERA 0 UC Z - TORRE MITRE
41	43	4	4	1030772772	ESTACIONAMIENTO PB 1 UF AP - TORRE MITRE
45	43	4	4	1030772640	BAULERA 3 ESCALERA UC AC - TORRE MITRE
49	43	4	4	1030788253	LOCAL PB 1 UF 14 - VISTA SUR
52	43	4	4	1030788342	ESTACIONAMIENTO PB 4 UF 23 - VISTA SUR
51	43	4	4	1030788350	ESTACIONAMIENTO PB 3 UF 24 - VISTA SUR
50	43	4	4	1030788245	LOCAL PB 2 UF 13 - VISTA SUR
68	43	4	4	1030836118	BAULERA N°5 UC G - SANTAMARINA
69	27	4	4	1030836215	BAULERA N°1 UC Q - SANTAMARINA
70	27	4	4	1030836142	BAULERA N°12 UC J - SANTAMARINA
71	43	4	4	1030560708	LOCAL UF 15 - RODRIGUEZ 595
76	25	4	4	1030860876	ESTACIONAMIENTO PB U - AIRES DE MITRE
75	25	4	4	1030860566	DPTO. 1°2 UF 3 - AIRES DE MITRE
77	23	4	4	1030071260	LIV PARCELA 4C
74	43	4	4	1030083705	DPTO. PB 1 - AIRES DE MITRE
72	37	4	4	1030119051	LOTE PAZ N° 355 PARCELA 6C
73	37	4	4	1030119041	LOTE PAZ N° 355 PARCELA 6D
78	29	4	4	1030027635	DPTO. 3°B TORRE LOS NARANJOS - GUILLERMO
79	29	4	4	1030742431	BAULERA UC J TORRE LOS NARANJOS - GUILLERMO
9	43	10	12	860163678001	OSDE BERTOLI
13	22	13	6	1502745104	USINA DTO. 9°1 URBANO OSCAR
15	21	13	6	0024011650	USINA DTO. 11°1 SARMIENTO - GUILLERMO
80	22	13	6	0024419842	USINA CASA MARIANO
16	21	13	6	0000223698	USINA CASA GARDEL - GUILLERMO
82	30	13	6	0001520960	USINA DEPOSITO RICHIERI
81	31	13	6	0006113715	USINA OFICINA SOLAR DE PINTO
17	37	13	6	2015030172	USINA PAZ N° 365
14	24	13	6	0002210123	USINA DTO. 2°3 URBANO - SHOWROOM
83	21	1	12	70000100500766461	CAMUZZI DTO. 11°1 SARMIENTO - GUILLERMO
84	31	1	12	70000060800620001	CAMUZZI OFICINA 1°B SOLAR DE PINTO
87	21	8	10	11082944	CABLEVISION CASA GARDEL - GUILLERMO
90	29	4	4	1030761568	COCHERA PB N°3 SARMIENTO - GUILLERMO
5	21	9	12	622131264001	OSDE SOLEDAD - GUILLERMO
8	21	9	12	617188580001	OSDE BELEN - GUILLERMO
88	21	4	4	1030761886	DPTO. 11°1 SARMIENTO - GUILLERMO
89	21	4	4	1030761444	COCHERA SUB N°6 SARMIENTO - GUILLERMO
91	29	4	4	1030761835	DPTO. 7°2 SARMIENTO - GUILLERMO
92	29	4	4	1030761436	COCHERA SUB N°5 SARMIENTO - GUILLERMO
93	21	4	4	1030761690	COCHERA PB N°9 SARMIENTO - GUILLERMO
94	21	4	4	1030761940	BAULERA UC D SARMIENTO - GUILLERMO
95	21	4	4	1030000648	CASA GARDEL - GUILLERMO
96	29	4	4	1030708241	DPTO. 4°D TORRE DEL SOL - GUILLERMO
97	29	4	4	1030708020	COCHERA N°11 UF 30 TORRE DEL SOL - GUILLERMO
98	29	4	4	1030708373	BAULERA N°3 UC D TORRE DEL SOL - GUILLERMO
99	29	4	4	1030772217	DPTO. 6°1 TORRE MITRE - GUILLERMO
100	29	4	4	1030771890	COCHERA SUB N°1 TORRE MITRE - GUILLERMO
101	21	4	4	1030772390	BAULERA SUB 1 N°3 UC D TORRE MITRE - GUILLERMO
102	21	4	4	1030772675	BAULERA N°6 UC AF TORRE MITRE - GUILLERMO
103	29	4	4	1030788539	DPTO. 8°2 UF 42 VIST SUR - GUILLERMO
104	29	4	4	1030788148	COCHERA SUB N°10 UF 3 VIST SUR - GUILLERMO
105	29	4	4	1030788695	BAULERA N°5 UC J VIST SUR - GUILLERMO
106	29	4	4	1030802728	DPTO. 7°1 UF 15 MAIPU - GUILLERMO
107	29	4	4	1030802744	COCHERA SUB N°21 UC A MAIPU - GUILLERM
108	29	4	4	1030802965	COCHERA PB N°10 UC W MAIPU - GUILLERM
109	29	4	4	1030813037	DPTO. 9°1 UF 18 ALEM - GUILLERMO
110	29	4	4	1030813150	COCHERA SUB N° 11 UC K ALEM- GUILLERMO
111	29	4	4	1030813380	COCHERA PB N° 3 UC AH ALEM- GUILLERMO
112	29	4	4	1030813223	BAULERA N°2 ALEM- GUILLERMO
113	29	4	4	1030836019	DPTO. 5°2 UF 11 SANTAMARINA - GUILLERMO
86	21	1	12	70000940600247935	CAMUZZI CASA GARDEL - GUILLERMO
114	24	8	10	35072310	CABLEVISION URBANO
115	29	4	4	1030836150	BAULERA 10 UC K - SANTAMARINA - GUILLERMO
116	29	4	4	1030860752	COCHERA SUB N° 3 UC I - AIRES DE MITRE - GUILLERMO
117	29	4	4	1030860698	BAULERA N° 3 UC C - AIRES DE MITRE - GUILLERMO
118	29	4	4	1030862291	DPTO. 6°2 UF 13 - YRIGOYEN - GUILLERMO
119	29	4	4	1030862445	COCHERA SUB N°12 UC L - YRIGOYEN - GUILLERMO
120	29	4	4	1030862399	BAULERA N° 8 UC G - YRIGOYEN - GUILLERMO
121	29	4	4	1030862658	ESTAC. PB 24 UC AG - YRIGOYEN - GUILLERMO
122	29	4	4	1030836231	COCHERA SUB 2 UC S - SANTAMARINA - GUILLERMO
123	29	4	4	1030860639	DPTO. 5°1 UF 10 - AIRES DE MITRE - GUILLERMO
124	22	4	4	1030404986	CASA JOSEFINA - OSCAR
125	28	4	4	1030761851	DPTO. 8°2 UF 47 - SARMIENTO - OSCAR
126	28	4	4	1030761428	COCHERA SUB 4 UF 4 - SARMIENTO - OSCAR
127	28	4	4	1030761681	COCHERA PB 10 UF 30 - SARMIENTO - OSCAR
128	28	4	4	1030762025	BAULERA 6 UC L - SARMIENTO - OSCAR
129	22	4	4	1030727122	CASA MARIANO - OSCAR
130	28	4	4	1030813045	DPTO. 9°2 UF 19 - ALEM - OSCAR
131	28	4	4	1030813169	COCHERA SUB 12 UC L - ALEM - OSCAR
132	28	4	4	1030813398	COCHERA PB 4 UC AI - ALEM - OSCAR
133	28	4	4	1030813231	BAULERA 3 UC S - ALEM - OSCAR
134	28	4	4	1030788679	BAULERA 6 UC H - VISTA SUR - OSCAR
135	28	4	4	1030771903	COCHERA SUB 14 - TORRE MITRE - OSCAR
136	28	4	4	1030771806	COCHERA SUB 23 -TORRE MITRE - OSCAR
137	28	4	4	1030772535	BAULERA SUB 28 UC R - TORRE MITRE - OSCAR
138	28	4	4	1030772381	BAULERA SUB 1 UC C - TORRE MITRE - OSCAR
139	28	4	4	1030772730	BAULERA 12 UC AL - TORRE MITRE - OSCAR
140	28	4	4	1030772667	BAULERA 5 UC AE - TORRE MITRE - OSCAR
141	28	4	4	1030742245	ESTAC. PB 8 UF 32 - TORRE LOS NARANJOS - OSCAR
142	28	4	4	1030708365	BAULERA 2 UC C - TORRE DEL SOL - OSCAR
143	28	4	4	1030802736	DPTO. 7°2 UF 16 - MAIPU - OSCAR
144	28	4	4	1030802752	COCHERA SUB 22 UC B - MAIPU - OSCAR
145	28	4	4	1030802957	COCHERA PB 9 UC V - MAIPU - OSCAR
146	28	4	4	1030835995	DPTO. 4°1 UF 10 - SANTAMARINA - OSCAR
147	28	4	4	1030836070	COCHERA SUB 6 UC C - SANTAMARINA - OSCAR
148	28	4	4	1030836169	BAULERA 9 UC L - SANTAMARINA - OSCAR
149	28	4	4	1030788512	DPTO. 7°2 UF 40 - VISTA SUR - OSCAR
150	28	4	4	1030788130	COCHERA SUB 11 UF 2 - VISTA SUR - OSCAR
151	28	4	4	1030772187	DPTO. 5°1 UF 48 - TORRE MITRE - OSCAR
152	22	4	4	1030772357	DPTO. 12°2 UF 65 - TORRE MITRE - OSCAR
153	28	4	4	1030860655	DPTO. 6°1 UF 12 - AIRES DE MITRE - OSCAR
154	28	4	4	1030860744	COCHERA SUB 2 UF H - AIRES DE MITRE - OSCAR
155	28	4	4	1030860671	BAULERA 1 UC A - AIRES DE MITRE - OSCAR
156	28	4	4	1030862283	DPTO. 6°1 UF 12 - YRIGOYEN - OSCAR
157	28	4	4	1030862453	COCHERA SUB 11 UC M - YRIGOYEN - OSCAR
158	28	4	4	1030862380	BAULERA 9 UC F - YRIGOYEN - OSCAR
159	28	4	4	1030862666	ESTAC. PB 23 UC AH - YRIGOYEN - OSCAR
160	32	15	12	01706012	RS OFICINA 1° B SOLAR DE PINTO
161	32	14	12	02418012	SS OFICINA 1° B SOLAR DE PINTO
162	32	15	12	01706004	RS COCHERA SUB 4 (UF 4) SOLAR DE PINTO
163	32	14	12	02418004	SS COCHERA SUB 4 (UF 4) SOLAR DE PINTO
164	32	15	12	01706001	RS COCHERA SUB 1 (UF 1) SOLAR DE PINTO
165	32	14	12	02418001	SS COCHERA SUB 1 (UF 1) SOLAR DE PINTO
166	32	15	12	01706003	RS COCHERA SUB 3 (UF 3) SOLAR DE PINTO
167	32	14	12	02418003	SS COCHERA SUB 3 (UF 3) SOLAR DE PINTO
168	32	15	12	01706005	RS COCHERA SUB 5 (UF 5) SOLAR DE PINTO
169	32	14	12	02418005	SS COCHERA SUB 5 (UF 5) SOLAR DE PINTO
170	32	14	12	02418034	SS COCHERA PB 10 (UF 21) SOLAR DE PINTO
171	32	14	12	02418036	SS COCHERA PB 12 (UF 23) SOLAR DE PINTO
172	32	14	12	02418033	SS COCHERA PB 9 (UF 20) SOLAR DE PINTO
173	38	15	12	02351001	RS OFICINA EDIFICIO PLAZA UF 1
174	38	14	12	04667001	SS OFICINA EDIFICIO PLAZA UF 1
175	30	15	12	11455000	RS DEPOSITO RICHIERI
176	30	14	12	06882000	SS DEPOSITO RICHIERI
177	39	14	12	03295027	SS ESTACIONAMIENTO PB 20 UF 27 TNI
178	39	14	12	03295025	SS COCHERA PB 22 UF 25 TNI
179	33	15	12	11962000	RS CASA ABUELA
180	33	14	12	04014000	SS CASA ABUELA
181	35	15	12	02824022	RS COCHERA SUB 26 UCF MAIPU
182	35	14	12	02648022	SS COCHERA SUB 26 UCF MAIPU
183	35	15	12	02824023	RS COCHERA SUB 27 UCG MAIPU
184	35	14	12	02648023	SS COCHERA SUB 27 UCG MAIPU
185	35	15	12	02824024	RS COCHERA SUB 20 UCH MAIPU
186	35	14	12	02648024	SS COCHERA SUB 20 UCH MAIPU
187	35	15	12	02824033	RS COCHERA PB 5 UCQ MAIPU
188	35	14	12	02648033	SS COCHERA PB 5 UCQ MAIPU
189	35	15	12	02824036	RS COCHERA PB 2 UCT MAIPU
190	35	14	12	02648036	SS COCHERA PB 2 UCT MAIPU
191	43	15	12	00406035	RS LOCAL PB2 - TORRE MITRE
192	43	14	12	02507035	SS LOCAL PB2 - TORRE MITRE
193	43	15	12	00406107	RS ESTACIONAMIENTO PB 1 UF AP - TORRE MITRE
194	43	14	12	02507107	SS ESTACIONAMIENTO PB 1 UF AP - TORRE MITRE
195	43	15	12	00406106	RS ESTACIONAMIENTO PB 2 UF AO - TORRE MITRE
196	43	14	12	02507106	SS ESTACIONAMIENTO PB 2 UF AO - TORRE MITRE
197	43	15	12	00406091	RS BAULERA 0 UC Z - TORRE MITRE
198	43	15	12	00406094	RS BAULERA 3 ESCALERA UC AC - TORRE MITRE
199	43	15	12	00406080	RS BAULERA SUB 2 N° 16 UC O - TORRE MITRE
200	43	15	12	00406081	RS BAULERA SUB 2 N° 19 UC P - TORRE MITRE
201	43	15	12	00125014	RS LOCAL PB 1 UF 14 - VISTA SUR
202	43	14	12	00528014	SS LOCAL PB 1 UF 14 - VISTA SUR
203	43	15	12	00125013	RS LOCAL PB 2 UF 13 - VISTA SUR
204	43	14	12	00528013	SS LOCAL PB 2 UF 13 - VISTA SUR
205	43	15	12	00125046	RS ESTACIONAMIENTO PB 3 UF 24 - VISTA SUR
206	43	14	12	00528024	SS ESTACIONAMIENTO PB 3 UF 24 - VISTA SUR
207	43	15	12	00125045	RS ESTACIONAMIENTO PB 4 UF 23 - VISTA SUR
208	43	14	12	00528023	SS ESTACIONAMIENTO PB 4 UF 23 - VISTA SUR
209	34	15	12	00735053	RS COCHERA PB 1 UC AF - ALEM SUITES
210	34	14	12	02243051	SS COCHERA PB 1 UC AF - ALEM SUITES
211	34	15	12	00735054	RS COCHERA PB 2 UC AG - ALEM SUITES
212	34	14	12	002243052	SS COCHERA PB 2 UC AG - ALEM SUITES
213	34	15	12	00735057	RS COCHERA PB 5 UC AJ - ALEM SUITES
214	34	14	12	02243055	SS COCHERA PB 5 UC AJ - ALEM SUITES
215	34	15	12	00735046	RS BAULERA N° 9 UC Y - ALEM SUITES
216	36	15	12	09936001	RS LOTE MONTEVIDEO 1 - PARCELA 11
217	36	14	12	05031000	SS LOTE MONTEVIDEO 1 - PARCELA 11 - ANEXO PARCELA 10
218	36	15	12	09936000	RS LOTE MONTEVIDEO ANEXO - PARCELA 10
219	36	15	12	09935001	RS LOTE MONTEVIDEO 2 - PARCELA 9
220	36	14	12	05030000	SS LOTE MONTEVIDEO 2 - PARCELA 9 - ANEXO PARCELA 8
221	36	15	12	09935000	RS LOTE MONTEVIDEO 2 ANEXO - PARCELA 8
222	43	15	12	00006001	RS LOCAL PB1 - SANTAMARINA
223	43	14	12	00083001	SS LOCAL PB1 - SANTAMARINA
224	43	14	12	00083001	SS LOCAL PB1 - SANTAMARINA
225	43	15	12	00006022	RS BAULERA 6 UC H - SANTAMARINA
226	43	15	12	00006002	RS DPTO. PB 2 - SANTAMARINA
227	43	14	12	00083002	SS DPTO. PB 2 - SANTAMARINA
228	43	15	12	00006021	RS BAULERA N°5 UC G - SANTAMARINA
229	27	15	12	00006031	RS BAULERA N°1 UC Q - SANTAMARINA
230	27	15	12	00006024	RS BAULERA N°12 UC J - SANTAMARINA
231	43	15	12	01367014	RS LOCAL UF 15 - RODRIGUEZ 595
232	43	14	12	02368015	SS LOCAL UF 15 - RODRIGUEZ 595
233	37	15	12	00253000	RS LOTE PAZ N° 355 PARCELA 6C
234	37	14	12	05383000	SS LOTE PAZ N° 355 PARCELA 6C
235	37	15	12	00254000	RS LOTE PAZ N° 355 PARCELA 6D
236	37	14	12	05384000	SS LOTE PAZ N° 355 PARCELA 6D
237	43	15	12	00107001	RS DPTO. PB 1 - AIRES DE MITRE
238	43	14	12	00731001	SS DPTO. PB 1 - AIRES DE MITRE
239	25	15	12	00107003	RS DPTO. 1°2 UF 3 - AIRES DE MITRE
240	25	14	12	00731003	SS DPTO. 1°2 UF 3 - AIRES DE MITRE
241	25	15	12	00107034	RS ESTACIONAMIENTO PB U - AIRES DE MITRE
242	25	14	12	00731034	SS ESTACIONAMIENTO PB U - AIRES DE MITRE
243	23	15	12	02305000	RS LIV PARCELA 4C
244	23	14	12	04226000	SS LIV PARCELA 4C
245	29	15	12	01915002	RS DPTO. 3°B TORRE LOS NARANJOS - GUILLERMO
246	29	14	12	03295001	SS DPTO. 3°B TORRE LOS NARANJOS - GUILLERMO
247	29	15	12	01915052	RS BAULERA UC J TORRE LOS NARANJOS - GUILLERMO
248	21	15	12	00047034	RS DPTO. 11°1 SARMIENTO - GUILLERMO
249	21	14	12	00741050	SS DPTO. 11°1 SARMIENTO - GUILLERMO
250	21	15	12	00047006	RS COCHERA SUB N°6 SARMIENTO - GUILLERMO
251	21	14	12	00741006	SS COCHERA SUB N°6 SARMIENTO - GUILLERMO
252	29	15	12	00047039	RS COCHERA PB N°3 SARMIENTO - GUILLERMO
253	29	14	12	00741018	SS COCHERA PB N°3 SARMIENTO - GUILLERMO
254	29	15	12	00047029	RS DPTO. 7°2 SARMIENTO - GUILLERMO
255	29	14	12	00741045	SS DPTO. 7°2 SARMIENTO - GUILLERMO
256	29	15	12	00047005	RS COCHERA SUB N°5 SARMIENTO - GUILLERMO
257	29	14	12	00741005	SS COCHERA SUB N°5 SARMIENTO - GUILLERMO
258	21	15	12	00047052	RS COCHERA PB N°9 SARMIENTO - GUILLERMO
259	21	14	12	00741031	SS COCHERA PB N°9 SARMIENTO - GUILLERMO
260	21	15	12	00047056	RS BAULERA UC D SARMIENTO - GUILLERMO
261	21	15	12	06479000	RS CASA GARDEL - GUILLERMO
262	21	14	12	14870000	SS CASA GARDEL - GUILLERMO
263	29	15	12	02351033	RS DPTO. 4°D TORRE DEL SOL - GUILLERMO
264	29	14	12	04669052	SS DPTO. 4°D TORRE DEL SOL - GUILLERMO
265	29	15	12	02351053	RS COCHERA N°11 UF 30 TORRE DEL SOL - GUILLERMO
266	29	14	12	04669030	SS COCHERA N°11 UF 30 TORRE DEL SOL - GUILLERMO
267	29	15	12	02351068	RS BAULERA N°3 UC D TORRE DEL SOL - GUILLERMO
268	29	15	12	00406051	RS DPTO. 6°1 TORRE MITRE - GUILLERMO
269	29	14	12	02507051	SS DPTO. 6°1 TORRE MITRE - GUILLERMO
270	29	15	12	00406019	RS COCHERA SUB N°1 TORRE MITRE - GUILLERMO
271	29	14	12	02507019	SS COCHERA SUB N°1 TORRE MITRE - GUILLERMO
272	21	15	12	00406069	RS BAULERA SUB 1 N°3 UC D TORRE MITRE - GUILLERMO
273	21	15	12	00406097	RS BAULERA N°6 UC AF TORRE MITRE - GUILLERMO
274	29	15	12	00125030	RS DPTO. 8°2 UF 42 VISTA SUR - GUILLERMO
275	29	14	12	00528042	SS DPTO. 8°2 UF 42 VIST SUR - GUILLERMO
276	29	15	12	00125003	RS COCHERA SUB N°10 UF 3 VIST SUR - GUILLERMO
277	29	14	12	00528003	SS COCHERA SUB N°10 UF 3 VIST SUR - GUILLERMO
278	29	15	12	00125058	RS BAULERA N°5 UC J VISTA SUR - GUILLERMO
279	29	15	12	02824015	RS DPTO. 7°1 UF 15 MAIPU - GUILLERMO
280	29	14	12	02648015	SS DPTO. 7°1 UF 15 MAIPU - GUILLERMO
281	29	15	12	02824017	RS COCHERA SUB N°21 UC A MAIPU - GUILLERMO
282	29	14	12	02648017	SS COCHERA SUB N°21 UC A MAIPU - GUILLERMO
283	29	15	12	02824039	RS COCHERA PB N°10 UC W MAIPU - GUILLERMO
284	29	14	12	02648039	SS COCHERA PB N°10 UC W MAIPU - GUILLERMO
285	29	15	12	00735020	RS DPTO. 9°1 UF 18 ALEM - GUILLERMO
286	29	14	12	02243018	SS DPTO. 9°1 UF 18 ALEM - GUILLERMO
287	29	15	12	00735032	RS COCHERA SUB N° 11 UC K ALEM- GUILLERMO
288	29	14	12	02243030	SS COCHERA SUB N° 11 UC K ALEM- GUILLERMO
289	29	15	12	00735055	RS COCHERA PB N° 3 UC AH ALEM- GUILLERMO
290	29	14	12	02243053	SS COCHERA PB N° 3 UC AH ALEM- GUILLERMO
291	29	15	12	00735039	RS BAULERA N°2 ALEM- GUILLERMO
292	29	15	12	00006011	RS DPTO. 5°2 UF 11 SANTAMARINA - GUILLERMO
293	29	14	12	00083011	SS DPTO. 5°2 UF 11 SANTAMARINA - GUILLERMO
294	29	15	12	00006033	RS COCHERA SUB 2 UC S - SANTAMARINA - GUILLERMO
295	29	14	12	00083033	SS COCHERA SUB 2 UC S - SANTAMARINA - GUILLERMO
296	29	15	12	00006025	RS BAULERA 10 UC K - SANTAMARINA - GUILLERMO
297	29	15	12	00107010	RS DPTO. 5°1 UF 10 - AIRES DE MITRE - GUILLERMO
298	29	14	12	00731010	SS DPTO. 5°1 UF 10 - AIRES DE MITRE - GUILLERMO
299	29	15	12	00107022	RS COCHERA SUB N° 3 UC I - AIRES DE MITRE - GUILLERMO
300	29	14	12	00731022	SS COCHERA SUB N° 3 UC I - AIRES DE MITRE - GUILLERMO
301	29	15	12	00107016	RS BAULERA N° 3 UC C - AIRES DE MITRE - GUILLERMO
302	29	15	12	01985013	RS DPTO. 6°2 UF 13 - YRIGOYEN - GUILLERMO
303	29	14	12	03700013	SS DPTO. 6°2 UF 13 - YRIGOYEN - GUILLERMO
304	29	15	12	01985028	RS COCHERA SUB N°12 UC L - YRIGOYEN - GUILLERMO
305	29	14	12	03700028	SS COCHERA SUB N°12 UC L - YRIGOYEN - GUILLERMO
306	29	15	12	01985023	RS BAULERA N° 8 UC G - YRIGOYEN - GUILLERMO
307	29	15	12	01985049	RS ESTAC. PB 24 UC AG - YRIGOYEN - GUILLERMO
308	29	14	12	03700049	SS ESTAC. PB 24 UC AG - YRIGOYEN - GUILLERMO
309	22	15	12	20023000	RS CASA JOSEFINA - OSCAR
310	22	14	12	40482000	SS CASA JOSEFINA - OSCAR
311	28	15	12	00047031	RS DPTO. 8°2 UF 47 - SARMIENTO - OSCAR
312	28	14	12	00741047	SS DPTO. 8°2 UF 47 - SARMIENTO - OSCAR
313	28	15	12	00047004	RS COCHERA SUB 4 UF 4 - SARMIENTO - OSCAR
314	28	14	12	00741004	SS COCHERA SUB 4 UF 4 - SARMIENTO - OSCAR
315	28	15	12	00047051	RS COCHERA PB 10 UF 30 - SARMIENTO - OSCAR
316	28	14	12	00741030	SS COCHERA PB 10 UF 30 - SARMIENTO - OSCAR
317	28	15	12	00047064	BAULERA 6 UC L - SARMIENTO - OSCAR
318	22	15	12	20284034	RS CASA MARIANO - OSCAR
319	28	15	12	00735021	RS DPTO. 9°2 UF 19 - ALEM - OSCAR
320	28	14	12	02243019	SS DPTO. 9°2 UF 19 - ALEM - OSCAR
321	28	15	12	00735033	RS COCHERA SUB 12 UC L - ALEM - OSCAR
322	28	14	12	02243031	SS COCHERA SUB 12 UC L - ALEM - OSCAR
323	28	15	12	00735056	RS COCHERA PB 4 UC AI - ALEM - OSCAR
324	28	14	12	02243054	SS COCHERA PB 4 UC AI - ALEM - OSCAR
325	28	15	12	00735040	RS BAULERA 3 UC S - ALEM - OSCAR
326	28	15	12	00125028	RS DPTO. 7°2 UF 40 - VISTA SUR - OSCAR
327	28	14	12	00528040	SS DPTO. 7°2 UF 40 - VISTA SUR - OSCAR
328	28	15	12	00125002	RS COCHERA SUB 11 UF 2 - VISTA SUR - OSCAR
329	28	14	12	00528002	SS COCHERA SUB 11 UF 2 - VISTA SUR - OSCAR
330	28	15	12	00125056	RS BAULERA 6 UC H - VISTA SUR - OSCAR
331	28	15	12	00406048	RS DPTO. 5°1 UF 48 - TORRE MITRE - OSCAR
332	28	14	12	02507048	SS DPTO. 5°1 UF 48 - TORRE MITRE - OSCAR
333	22	15	12	00406065	RS DPTO. 12°2 UF 65 - TORRE MITRE - OSCAR
334	22	14	12	02507065	SS DPTO. 12°2 UF 65 - TORRE MITRE - OSCAR
335	28	15	12	00406020	RS COCHERA SUB 14 - TORRE MITRE - OSCAR
336	28	14	12	02507020	SS COCHERA SUB 14 - TORRE MITRE - OSCAR
337	28	15	12	00406010	RS COCHERA SUB 23 -TORRE MITRE - OSCAR
338	28	14	12	02507010	SS COCHERA SUB 23 -TORRE MITRE - OSCAR
339	28	15	12	00406083	RS BAULERA SUB 28 UC R - TORRE MITRE - OSCAR
340	28	15	12	00406068	RS BAULERA SUB 1 UC C - TORRE MITRE - OSCAR
341	28	15	12	00406103	RS BAULERA 12 UC AL - TORRE MITRE - OSCAR
342	28	15	12	00406096	RS BAULERA 5 UC AE - TORRE MITRE - OSCAR
343	28	14	12	03295032	SS ESTAC. PB 8 UF 32 - TORRE LOS NARANJOS - OSCAR
344	28	15	12	02351067	RS BAULERA 2 UC C - TORRE DEL SOL - OSCAR
345	28	15	12	02824016	RS DPTO. 7°2 UF 16 - MAIPU - OSCAR
346	28	14	12	02648016	SS DPTO. 7°2 UF 16 - MAIPU - OSCAR
347	28	15	12	02824018	RS COCHERA SUB 22 UC B - MAIPU - OSCAR
348	28	14	12	02648018	SS COCHERA SUB 22 UC B - MAIPU - OSCAR
349	28	15	12	02824038	RS COCHERA PB 9 UC V - MAIPU - OSCAR
350	28	14	12	02648038	SS COCHERA PB 9 UC V - MAIPU - OSCAR
351	28	15	12	00006009	RS DPTO. 4°1 UF 10 - SANTAMARINA - OSCAR
352	28	14	12	00083009	SS DPTO. 4°1 UF 10 - SANTAMARINA - OSCAR
353	28	15	12	00006017	RS COCHERA SUB 6 UC C - SANTAMARINA - OSCAR
354	28	14	12	00083017	SS COCHERA SUB 6 UC C - SANTAMARINA - OSCAR
355	28	15	12	00006026	RS BAULERA 9 UC L - SANTAMARINA - OSCAR
356	28	15	12	00107012	RS DPTO. 6°1 UF 12 - AIRES DE MITRE - OSCAR
357	28	14	12	00731012	SS DPTO. 6°1 UF 12 - AIRES DE MITRE - OSCAR
358	28	15	12	00107021	RS COCHERA SUB 2 UF H - AIRES DE MITRE - OSCAR
359	28	14	12	00731021	SS COCHERA SUB 2 UF H - AIRES DE MITRE - OSCAR
360	28	15	12	00107014	RS BAULERA 1 UC A - AIRES DE MITRE - OSCAR
361	28	15	12	01985012	RS DPTO. 6°1 UF 12 - YRIGOYEN - OSCAR
362	28	14	12	03700012	SS DPTO. 6°1 UF 12 - YRIGOYEN - OSCAR
363	28	15	12	01985029	RS COCHERA SUB 11 UC M - YRIGOYEN - OSCAR
364	28	14	12	03700029	SS COCHERA SUB 11 UC M - YRIGOYEN - OSCAR
365	28	15	12	01985022	RS BAULERA 9 UC F - YRIGOYEN - OSCAR
366	28	15	12	01985050	RS ESTAC. PB 23 UC AH - YRIGOYEN - OSCAR
367	28	14	12	03700050	SS ESTAC. PB 23 UC AH - YRIGOYEN - OSCAR
368	30	16	12	230835818	Telefónica Depósito Richieri
369	21	11	12	035405425	Movistar Patricia - Guillermo
370	22	13	6	0001852088	USINA CASA JOSEFINA
\.


--
-- Name: costos_asociados_id_seq; Type: SEQUENCE SET; Schema: public; Owner: postgres
--

SELECT pg_catalog.setval('public.costos_asociados_id_seq', 370, true);


--
-- Data for Name: formato_fecha; Type: TABLE DATA; Schema: public; Owner: postgres
--

COPY public.formato_fecha (id, formato) FROM stdin;
1	ddmmyyyy
2	ddmmyy
5	yymmdd
\.


--
-- Name: formato_fecha_id_seq; Type: SEQUENCE SET; Schema: public; Owner: postgres
--

SELECT pg_catalog.setval('public.formato_fecha_id_seq', 5, true);


--
-- Data for Name: pagos; Type: TABLE DATA; Schema: public; Owner: postgres
--

COPY public.pagos (id, numero_pago, fecha_pago, usuario_pago, locked) FROM stdin;
1	1	2018-12-11 00:00:00		t
2	2	2018-12-11 00:00:00		t
3	3	2018-12-18 00:00:00		t
4	4	2018-12-18 00:00:00		t
5	5	2018-12-18 00:00:00		t
6	6	2018-12-18 00:00:00		t
\.


--
-- Name: pagos_id_seq; Type: SEQUENCE SET; Schema: public; Owner: postgres
--

SELECT pg_catalog.setval('public.pagos_id_seq', 6, true);


--
-- Name: pagos_numero_pago_seq; Type: SEQUENCE SET; Schema: public; Owner: postgres
--

SELECT pg_catalog.setval('public.pagos_numero_pago_seq', 1, false);


--
-- Data for Name: tipo_centro_costo; Type: TABLE DATA; Schema: public; Owner: postgres
--

COPY public.tipo_centro_costo (id, descripcion) FROM stdin;
1	persona fisica
2	empresa
3	Edificio
\.


--
-- Name: tipo_centro_costo_id_seq; Type: SEQUENCE SET; Schema: public; Owner: postgres
--

SELECT pg_catalog.setval('public.tipo_centro_costo_id_seq', 4, true);


--
-- Data for Name: tipo_identificador; Type: TABLE DATA; Schema: public; Owner: postgres
--

COPY public.tipo_identificador (id, descripcion) FROM stdin;
2	CUIT
3	DNI
4	partida
6	N°de medidor de luz
7	Sin identificador
5	Liquidacion
9	Nro cliente
10	Nro referencia de Pago
11	Asociado
12	Nro de Cuenta
\.


--
-- Name: tipo_identificador_id_seq; Type: SEQUENCE SET; Schema: public; Owner: postgres
--

SELECT pg_catalog.setval('public.tipo_identificador_id_seq', 12, true);


--
-- Data for Name: tipo_impuesto; Type: TABLE DATA; Schema: public; Owner: postgres
--

COPY public.tipo_impuesto (id, descripcion) FROM stdin;
2	servicio
3	otro
4	obra social
1	Impuesto
\.


--
-- Name: tipo_impuesto_id_seq; Type: SEQUENCE SET; Schema: public; Owner: postgres
--

SELECT pg_catalog.setval('public.tipo_impuesto_id_seq', 5, true);


--
-- Data for Name: tipo_juridisccion; Type: TABLE DATA; Schema: public; Owner: postgres
--

COPY public.tipo_juridisccion (id, descripcion) FROM stdin;
2	provincial
3	nacional
1	Municipal
\.


--
-- Name: tipo_juridisccion_id_seq; Type: SEQUENCE SET; Schema: public; Owner: postgres
--

SELECT pg_catalog.setval('public.tipo_juridisccion_id_seq', 4, true);


--
-- Data for Name: tipo_periodo; Type: TABLE DATA; Schema: public; Owner: postgres
--

COPY public.tipo_periodo (id, descripcion) FROM stdin;
1	Bimestral
2	Mensual
\.


--
-- Name: tipo_periodo_id_seq; Type: SEQUENCE SET; Schema: public; Owner: postgres
--

SELECT pg_catalog.setval('public.tipo_periodo_id_seq', 3, true);


--
-- Data for Name: unidad_edilicia; Type: TABLE DATA; Schema: public; Owner: postgres
--

COPY public.unidad_edilicia (id, partida_inmobiliaria, centro_costo_id, descripcion) FROM stdin;
\.


--
-- Name: unidad_edilicia_id_seq; Type: SEQUENCE SET; Schema: public; Owner: postgres
--

SELECT pg_catalog.setval('public.unidad_edilicia_id_seq', 1, false);


--
-- Name: centro_costo_pkey; Type: CONSTRAINT; Schema: public; Owner: postgres
--

ALTER TABLE ONLY public.centro_costo
    ADD CONSTRAINT centro_costo_pkey PRIMARY KEY (id);


--
-- Name: codigo_barra_pkey; Type: CONSTRAINT; Schema: public; Owner: postgres
--

ALTER TABLE ONLY public.codigo_barra
    ADD CONSTRAINT codigo_barra_pkey PRIMARY KEY (id);


--
-- Name: codigo_barra_usado_pkey; Type: CONSTRAINT; Schema: public; Owner: postgres
--

ALTER TABLE ONLY public.codigo_barra_usado
    ADD CONSTRAINT codigo_barra_usado_pkey PRIMARY KEY (id);


--
-- Name: costo_centro_costo_pkey; Type: CONSTRAINT; Schema: public; Owner: postgres
--

ALTER TABLE ONLY public.costo_centro_costo
    ADD CONSTRAINT costo_centro_costo_pkey PRIMARY KEY (id);


--
-- Name: costo_pkey; Type: CONSTRAINT; Schema: public; Owner: postgres
--

ALTER TABLE ONLY public.costo
    ADD CONSTRAINT costo_pkey PRIMARY KEY (id);


--
-- Name: costos_asociados_pkey; Type: CONSTRAINT; Schema: public; Owner: postgres
--

ALTER TABLE ONLY public.costos_asociados
    ADD CONSTRAINT costos_asociados_pkey PRIMARY KEY (id);


--
-- Name: formato_fecha_formatoFecha_key; Type: CONSTRAINT; Schema: public; Owner: postgres
--

ALTER TABLE ONLY public.formato_fecha
    ADD CONSTRAINT "formato_fecha_formatoFecha_key" UNIQUE (formato);


--
-- Name: formato_fecha_pkey; Type: CONSTRAINT; Schema: public; Owner: postgres
--

ALTER TABLE ONLY public.formato_fecha
    ADD CONSTRAINT formato_fecha_pkey PRIMARY KEY (id);


--
-- Name: pagos_pkey; Type: CONSTRAINT; Schema: public; Owner: postgres
--

ALTER TABLE ONLY public.pagos
    ADD CONSTRAINT pagos_pkey PRIMARY KEY (id);


--
-- Name: tipo_centro_costo_pkey; Type: CONSTRAINT; Schema: public; Owner: postgres
--

ALTER TABLE ONLY public.tipo_centro_costo
    ADD CONSTRAINT tipo_centro_costo_pkey PRIMARY KEY (id);


--
-- Name: tipo_identificador_pkey; Type: CONSTRAINT; Schema: public; Owner: postgres
--

ALTER TABLE ONLY public.tipo_identificador
    ADD CONSTRAINT tipo_identificador_pkey PRIMARY KEY (id);


--
-- Name: tipo_impuesto_pkey; Type: CONSTRAINT; Schema: public; Owner: postgres
--

ALTER TABLE ONLY public.tipo_impuesto
    ADD CONSTRAINT tipo_impuesto_pkey PRIMARY KEY (id);


--
-- Name: tipo_juridisccion_pkey; Type: CONSTRAINT; Schema: public; Owner: postgres
--

ALTER TABLE ONLY public.tipo_juridisccion
    ADD CONSTRAINT tipo_juridisccion_pkey PRIMARY KEY (id);


--
-- Name: tipo_periodo_pkey; Type: CONSTRAINT; Schema: public; Owner: postgres
--

ALTER TABLE ONLY public.tipo_periodo
    ADD CONSTRAINT tipo_periodo_pkey PRIMARY KEY (id);


--
-- Name: unidad_edilicia_pkey; Type: CONSTRAINT; Schema: public; Owner: postgres
--

ALTER TABLE ONLY public.unidad_edilicia
    ADD CONSTRAINT unidad_edilicia_pkey PRIMARY KEY (id);


--
-- Name: centro_costo_tipo_centro_costo_id_fkey; Type: FK CONSTRAINT; Schema: public; Owner: postgres
--

ALTER TABLE ONLY public.centro_costo
    ADD CONSTRAINT centro_costo_tipo_centro_costo_id_fkey FOREIGN KEY (tipo_centro_costo_id) REFERENCES public.tipo_centro_costo(id) ON UPDATE RESTRICT ON DELETE RESTRICT;


--
-- Name: codigo_barra_formato_fecha_id_fkey; Type: FK CONSTRAINT; Schema: public; Owner: postgres
--

ALTER TABLE ONLY public.codigo_barra
    ADD CONSTRAINT codigo_barra_formato_fecha_id_fkey FOREIGN KEY (formato_fecha_id) REFERENCES public.formato_fecha(id);


--
-- Name: codigo_barra_usado_id_costo_fkey; Type: FK CONSTRAINT; Schema: public; Owner: postgres
--

ALTER TABLE ONLY public.codigo_barra_usado
    ADD CONSTRAINT codigo_barra_usado_id_costo_fkey FOREIGN KEY (id_costo) REFERENCES public.costo(id);


--
-- Name: costo_centro_costo_centro_costo_id_fkey; Type: FK CONSTRAINT; Schema: public; Owner: postgres
--

ALTER TABLE ONLY public.costo_centro_costo
    ADD CONSTRAINT costo_centro_costo_centro_costo_id_fkey FOREIGN KEY (centro_costo_id) REFERENCES public.centro_costo(id) ON UPDATE RESTRICT ON DELETE RESTRICT;


--
-- Name: costo_centro_costo_costo_id_fkey; Type: FK CONSTRAINT; Schema: public; Owner: postgres
--

ALTER TABLE ONLY public.costo_centro_costo
    ADD CONSTRAINT costo_centro_costo_costo_id_fkey FOREIGN KEY (costo_id) REFERENCES public.costo(id) ON UPDATE RESTRICT ON DELETE RESTRICT;


--
-- Name: costo_centro_costo_pago_id_fkey; Type: FK CONSTRAINT; Schema: public; Owner: postgres
--

ALTER TABLE ONLY public.costo_centro_costo
    ADD CONSTRAINT costo_centro_costo_pago_id_fkey FOREIGN KEY (pago_id) REFERENCES public.pagos(id);


--
-- Name: costo_codigo_barra_id_fkey; Type: FK CONSTRAINT; Schema: public; Owner: postgres
--

ALTER TABLE ONLY public.costo
    ADD CONSTRAINT costo_codigo_barra_id_fkey FOREIGN KEY (codigo_barra_id) REFERENCES public.codigo_barra(id) ON UPDATE RESTRICT ON DELETE RESTRICT;


--
-- Name: costo_tipo_impuesto_id_fkey; Type: FK CONSTRAINT; Schema: public; Owner: postgres
--

ALTER TABLE ONLY public.costo
    ADD CONSTRAINT costo_tipo_impuesto_id_fkey FOREIGN KEY (tipo_impuesto_id) REFERENCES public.tipo_impuesto(id) ON UPDATE RESTRICT ON DELETE RESTRICT;


--
-- Name: costo_tipo_jurisdiccion_id_fkey; Type: FK CONSTRAINT; Schema: public; Owner: postgres
--

ALTER TABLE ONLY public.costo
    ADD CONSTRAINT costo_tipo_jurisdiccion_id_fkey FOREIGN KEY (tipo_jurisdiccion_id) REFERENCES public.tipo_juridisccion(id) ON UPDATE RESTRICT ON DELETE RESTRICT;


--
-- Name: costo_tipo_periodo_id_fkey; Type: FK CONSTRAINT; Schema: public; Owner: postgres
--

ALTER TABLE ONLY public.costo
    ADD CONSTRAINT costo_tipo_periodo_id_fkey FOREIGN KEY (tipo_periodo_id) REFERENCES public.tipo_periodo(id) ON UPDATE RESTRICT ON DELETE RESTRICT;


--
-- Name: costos_asociados_id_centro_costo_fkey; Type: FK CONSTRAINT; Schema: public; Owner: postgres
--

ALTER TABLE ONLY public.costos_asociados
    ADD CONSTRAINT costos_asociados_id_centro_costo_fkey FOREIGN KEY (id_centro_costo) REFERENCES public.centro_costo(id);


--
-- Name: costos_asociados_id_costo_fkey; Type: FK CONSTRAINT; Schema: public; Owner: postgres
--

ALTER TABLE ONLY public.costos_asociados
    ADD CONSTRAINT costos_asociados_id_costo_fkey FOREIGN KEY (id_costo) REFERENCES public.costo(id);


--
-- Name: costos_asociados_id_tipo_identificador_fkey; Type: FK CONSTRAINT; Schema: public; Owner: postgres
--

ALTER TABLE ONLY public.costos_asociados
    ADD CONSTRAINT costos_asociados_id_tipo_identificador_fkey FOREIGN KEY (id_tipo_identificador) REFERENCES public.tipo_identificador(id);


--
-- Name: unidad_edilicia_centro_costo_id_fkey; Type: FK CONSTRAINT; Schema: public; Owner: postgres
--

ALTER TABLE ONLY public.unidad_edilicia
    ADD CONSTRAINT unidad_edilicia_centro_costo_id_fkey FOREIGN KEY (centro_costo_id) REFERENCES public.centro_costo(id);


--
-- Name: SCHEMA public; Type: ACL; Schema: -; Owner: postgres
--

REVOKE ALL ON SCHEMA public FROM PUBLIC;
REVOKE ALL ON SCHEMA public FROM postgres;
GRANT ALL ON SCHEMA public TO postgres;
GRANT ALL ON SCHEMA public TO PUBLIC;


--
-- PostgreSQL database dump complete
--

